input,computed,transformed,aggregated,refined,final_result,service_a,service_b,service_c,service_d,service_e,send_ts,recv_ts,rtt_ms,error
5,10,20,60,55,27,servicea,serviceb,servicec,serviced,servicee,1763464150216,1763464150587,371,
5,10,20,60,55,27,servicea,serviceb,servicec,serviced,servicee,1763464150587,1763464150647,60,
5,10,20,60,55,27,servicea,serviceb,servicec,serviced,servicee,1763464150647,1763464150708,61,
5,10,20,60,55,27,servicea,serviceb,servicec,serviced,servicee,1763464150708,1763464150765,57,
5,10,20,60,55,27,servicea,serviceb,servicec,serviced,servicee,1763464150765,1763464150821,56,
5,10,20,60,55,27,servicea,serviceb,servicec,serviced,servicee,1763464150821,1763464150878,57,
5,10,20,60,55,27,servicea,serviceb,servicec,serviced,servicee,1763464150878,1763464150934,56,
5,10,20,60,55,27,servicea,serviceb,servicec,serviced,servicee,1763464150934,1763464150990,56,
5,10,20,60,55,27,servicea,serviceb,servicec,serviced,servicee,1763464150990,1763464151046,56,
5,10,20,60,55,27,servicea,serviceb,servicec,serviced,servicee,1763464151046,1763464151102,56,
5,10,20,60,55,27,servicea,serviceb,servicec,serviced,servicee,1763464151102,1763464151159,57,
5,10,20,60,55,27,servicea,serviceb,servicec,serviced,servicee,1763464151159,1763464151215,56,
5,10,20,60,55,27,servicea,serviceb,servicec,serviced,servicee,1763464151215,1763464151271,56,
5,10,20,60,55,27,servicea,serviceb,servicec,serviced,servicee,1763464151271,1763464151327,56,
5,10,20,60,55,27,servicea,serviceb,servicec,serviced,servicee,1763464151327,1763464151387,60,
5,10,20,60,55,27,servicea,serviceb,servicec,serviced,servicee,1763464151387,1763464151443,56,
5,10,20,60,55,27,servicea,serviceb,servicec,serviced,servicee,1763464151443,1763464151499,56,
5,10,20,60,55,27,servicea,serviceb,servicec,serviced,servicee,1763464151499,1763464151555,56,
5,10,20,60,55,27,servicea,serviceb,servicec,serviced,servicee,1763464151555,1763464151609,54,
5,10,20,60,55,27,servicea,serviceb,servicec,serviced,servicee,1763464151609,1763464151665,56,
5,10,20,60,55,27,servicea,serviceb,servicec,serviced,servicee,1763464151665,1763464151722,57,
5,10,20,60,55,27,servicea,serviceb,servicec,serviced,servicee,1763464151722,1763464151776,54,
5,10,20,60,55,27,servicea,serviceb,servicec,serviced,servicee,1763464151776,1763464151832,56,
5,10,20,60,55,27,servicea,serviceb,servicec,serviced,servicee,1763464151832,1763464151887,55,
5,10,20,60,55,27,servicea,serviceb,servicec,serviced,servicee,1763464151887,1763464151944,57,
5,10,20,60,55,27,servicea,serviceb,servicec,serviced,servicee,1763464151944,1763464151999,55,
5,10,20,60,55,27,servicea,serviceb,servicec,serviced,servicee,1763464151999,1763464152055,56,
5,10,20,60,55,27,servicea,serviceb,servicec,serviced,servicee,1763464152055,1763464152110,55,
5,10,20,60,55,27,servicea,serviceb,servicec,serviced,servicee,1763464152110,1763464152165,55,
5,10,20,60,55,27,servicea,serviceb,servicec,serviced,servicee,1763464152165,1763464152219,54,
5,10,20,60,55,27,servicea,serviceb,servicec,serviced,servicee,1763464150217,1763464150606,389,
5,10,20,60,55,27,servicea,serviceb,servicec,serviced,servicee,1763464150606,1763464150665,59,
5,10,20,60,55,27,servicea,serviceb,servicec,serviced,servicee,1763464150665,1763464150722,57,
5,10,20,60,55,27,servicea,serviceb,servicec,serviced,servicee,1763464150722,1763464150778,56,
5,10,20,60,55,27,servicea,serviceb,servicec,serviced,servicee,1763464150778,1763464150834,56,
5,10,20,60,55,27,servicea,serviceb,servicec,serviced,servicee,1763464150834,1763464150892,58,
5,10,20,60,55,27,servicea,serviceb,servicec,serviced,servicee,1763464150892,1763464150949,57,
5,10,20,60,55,27,servicea,serviceb,servicec,serviced,servicee,1763464150949,1763464151004,55,
5,10,20,60,55,27,servicea,serviceb,servicec,serviced,servicee,1763464151004,1763464151059,55,
5,10,20,60,55,27,servicea,serviceb,servicec,serviced,servicee,1763464151059,1763464151114,55,
5,10,20,60,55,27,servicea,serviceb,servicec,serviced,servicee,1763464151114,1763464151170,56,
5,10,20,60,55,27,servicea,serviceb,servicec,serviced,servicee,1763464151170,1763464151226,56,
5,10,20,60,55,27,servicea,serviceb,servicec,serviced,servicee,1763464151226,1763464151281,55,
5,10,20,60,55,27,servicea,serviceb,servicec,serviced,servicee,1763464151281,1763464151337,56,
5,10,20,60,55,27,servicea,serviceb,servicec,serviced,servicee,1763464151337,1763464151397,60,
5,10,20,60,55,27,servicea,serviceb,servicec,serviced,servicee,1763464151397,1763464151454,57,
5,10,20,60,55,27,servicea,serviceb,servicec,serviced,servicee,1763464151454,1763464151509,55,
5,10,20,60,55,27,servicea,serviceb,servicec,serviced,servicee,1763464151509,1763464151565,56,
5,10,20,60,55,27,servicea,serviceb,servicec,serviced,servicee,1763464151565,1763464151620,55,
5,10,20,60,55,27,servicea,serviceb,servicec,serviced,servicee,1763464151620,1763464151676,56,
5,10,20,60,55,27,servicea,serviceb,servicec,serviced,servicee,1763464151676,1763464151732,56,
5,10,20,60,55,27,servicea,serviceb,servicec,serviced,servicee,1763464151732,1763464151787,55,
5,10,20,60,55,27,servicea,serviceb,servicec,serviced,servicee,1763464151787,1763464151842,55,
5,10,20,60,55,27,servicea,serviceb,servicec,serviced,servicee,1763464151842,1763464151898,56,
5,10,20,60,55,27,servicea,serviceb,servicec,serviced,servicee,1763464151898,1763464151954,56,
5,10,20,60,55,27,servicea,serviceb,servicec,serviced,servicee,1763464151954,1763464152010,56,
5,10,20,60,55,27,servicea,serviceb,servicec,serviced,servicee,1763464152010,1763464152065,55,
5,10,20,60,55,27,servicea,serviceb,servicec,serviced,servicee,1763464152065,1763464152120,55,
5,10,20,60,55,27,servicea,serviceb,servicec,serviced,servicee,1763464152120,1763464152175,55,
5,10,20,60,55,27,servicea,serviceb,servicec,serviced,servicee,1763464152175,1763464152230,55,
5,10,20,60,55,27,servicea,serviceb,servicec,serviced,servicee,1763464150217,1763464150620,403,
5,10,20,60,55,27,servicea,serviceb,servicec,serviced,servicee,1763464150620,1763464150681,61,
5,10,20,60,55,27,servicea,serviceb,servicec,serviced,servicee,1763464150681,1763464150737,56,
5,10,20,60,55,27,servicea,serviceb,servicec,serviced,servicee,1763464150737,1763464150793,56,
5,10,20,60,55,27,servicea,serviceb,servicec,serviced,servicee,1763464150793,1763464150849,56,
5,10,20,60,55,27,servicea,serviceb,servicec,serviced,servicee,1763464150849,1763464150906,57,
5,10,20,60,55,27,servicea,serviceb,servicec,serviced,servicee,1763464150906,1763464150961,55,
5,10,20,60,55,27,servicea,serviceb,servicec,serviced,servicee,1763464150961,1763464151016,55,
5,10,20,60,55,27,servicea,serviceb,servicec,serviced,servicee,1763464151016,1763464151071,55,
5,10,20,60,55,27,servicea,serviceb,servicec,serviced,servicee,1763464151071,1763464151126,55,
5,10,20,60,55,27,servicea,serviceb,servicec,serviced,servicee,1763464151126,1763464151181,55,
5,10,20,60,55,27,servicea,serviceb,servicec,serviced,servicee,1763464151181,1763464151236,55,
5,10,20,60,55,27,servicea,serviceb,servicec,serviced,servicee,1763464151236,1763464151292,56,
5,10,20,60,55,27,servicea,serviceb,servicec,serviced,servicee,1763464151292,1763464151347,55,
5,10,20,60,55,27,servicea,serviceb,servicec,serviced,servicee,1763464151347,1763464151408,61,
5,10,20,60,55,27,servicea,serviceb,servicec,serviced,servicee,1763464151408,1763464151464,56,
5,10,20,60,55,27,servicea,serviceb,servicec,serviced,servicee,1763464151464,1763464151520,56,
5,10,20,60,55,27,servicea,serviceb,servicec,serviced,servicee,1763464151520,1763464151575,55,
5,10,20,60,55,27,servicea,serviceb,servicec,serviced,servicee,1763464151575,1763464151630,55,
5,10,20,60,55,27,servicea,serviceb,servicec,serviced,servicee,1763464151630,1763464151687,57,
5,10,20,60,55,27,servicea,serviceb,servicec,serviced,servicee,1763464151687,1763464151743,56,
5,10,20,60,55,27,servicea,serviceb,servicec,serviced,servicee,1763464151743,1763464151798,55,
5,10,20,60,55,27,servicea,serviceb,servicec,serviced,servicee,1763464151798,1763464151853,55,
5,10,20,60,55,27,servicea,serviceb,servicec,serviced,servicee,1763464151853,1763464151908,55,
5,10,20,60,55,27,servicea,serviceb,servicec,serviced,servicee,1763464151908,1763464151963,55,
5,10,20,60,55,27,servicea,serviceb,servicec,serviced,servicee,1763464151963,1763464152020,57,
5,10,20,60,55,27,servicea,serviceb,servicec,serviced,servicee,1763464152020,1763464152076,56,
5,10,20,60,55,27,servicea,serviceb,servicec,serviced,servicee,1763464152076,1763464152131,55,
5,10,20,60,55,27,servicea,serviceb,servicec,serviced,servicee,1763464152131,1763464152186,55,
5,10,20,60,55,27,servicea,serviceb,servicec,serviced,servicee,1763464152186,1763464152243,57,
5,10,20,60,55,27,servicea,serviceb,servicec,serviced,servicee,1763464150217,1763464150629,412,
5,10,20,60,55,27,servicea,serviceb,servicec,serviced,servicee,1763464150629,1763464150691,62,
5,10,20,60,55,27,servicea,serviceb,servicec,serviced,servicee,1763464150691,1763464150747,56,
5,10,20,60,55,27,servicea,serviceb,servicec,serviced,servicee,1763464150747,1763464150804,57,
5,10,20,60,55,27,servicea,serviceb,servicec,serviced,servicee,1763464150804,1763464150860,56,
5,10,20,60,55,27,servicea,serviceb,servicec,serviced,servicee,1763464150860,1763464150916,56,
5,10,20,60,55,27,servicea,serviceb,servicec,serviced,servicee,1763464150916,1763464150972,56,
5,10,20,60,55,27,servicea,serviceb,servicec,serviced,servicee,1763464150972,1763464151027,55,
5,10,20,60,55,27,servicea,serviceb,servicec,serviced,servicee,1763464151027,1763464151082,55,
5,10,20,60,55,27,servicea,serviceb,servicec,serviced,servicee,1763464151082,1763464151137,55,
5,10,20,60,55,27,servicea,serviceb,servicec,serviced,servicee,1763464151137,1763464151193,56,
5,10,20,60,55,27,servicea,serviceb,servicec,serviced,servicee,1763464151193,1763464151247,54,
5,10,20,60,55,27,servicea,serviceb,servicec,serviced,servicee,1763464151247,1763464151303,56,
5,10,20,60,55,27,servicea,serviceb,servicec,serviced,servicee,1763464151303,1763464151358,55,
5,10,20,60,55,27,servicea,serviceb,servicec,serviced,servicee,1763464151358,1763464151420,62,
5,10,20,60,55,27,servicea,serviceb,servicec,serviced,servicee,1763464151420,1763464151476,56,
5,10,20,60,55,27,servicea,serviceb,servicec,serviced,servicee,1763464151476,1763464151531,55,
5,10,20,60,55,27,servicea,serviceb,servicec,serviced,servicee,1763464151531,1763464151587,56,
5,10,20,60,55,27,servicea,serviceb,servicec,serviced,servicee,1763464151587,1763464151642,55,
5,10,20,60,55,27,servicea,serviceb,servicec,serviced,servicee,1763464151642,1763464151698,56,
5,10,20,60,55,27,servicea,serviceb,servicec,serviced,servicee,1763464151698,1763464151757,59,
5,10,20,60,55,27,servicea,serviceb,servicec,serviced,servicee,1763464151757,1763464151810,53,
5,10,20,60,55,27,servicea,serviceb,servicec,serviced,servicee,1763464151810,1763464151865,55,
5,10,20,60,55,27,servicea,serviceb,servicec,serviced,servicee,1763464151865,1763464151920,55,
5,10,20,60,55,27,servicea,serviceb,servicec,serviced,servicee,1763464151920,1763464151976,56,
5,10,20,60,55,27,servicea,serviceb,servicec,serviced,servicee,1763464151976,1763464152032,56,
5,10,20,60,55,27,servicea,serviceb,servicec,serviced,servicee,1763464152032,1763464152087,55,
5,10,20,60,55,27,servicea,serviceb,servicec,serviced,servicee,1763464152087,1763464152142,55,
5,10,20,60,55,27,servicea,serviceb,servicec,serviced,servicee,1763464152142,1763464152197,55,
5,10,20,60,55,27,servicea,serviceb,servicec,serviced,servicee,1763464152197,1763464152254,57,
5,10,20,60,55,27,servicea,serviceb,servicec,serviced,servicee,1763464150217,1763464150617,400,
5,10,20,60,55,27,servicea,serviceb,servicec,serviced,servicee,1763464150617,1763464150678,61,
5,10,20,60,55,27,servicea,serviceb,servicec,serviced,servicee,1763464150678,1763464150734,56,
5,10,20,60,55,27,servicea,serviceb,servicec,serviced,servicee,1763464150734,1763464150790,56,
5,10,20,60,55,27,servicea,serviceb,servicec,serviced,servicee,1763464150790,1763464150846,56,
5,10,20,60,55,27,servicea,serviceb,servicec,serviced,servicee,1763464150846,1763464150903,57,
5,10,20,60,55,27,servicea,serviceb,servicec,serviced,servicee,1763464150903,1763464150960,57,
5,10,20,60,55,27,servicea,serviceb,servicec,serviced,servicee,1763464150960,1763464151016,56,
5,10,20,60,55,27,servicea,serviceb,servicec,serviced,servicee,1763464151016,1763464151071,55,
5,10,20,60,55,27,servicea,serviceb,servicec,serviced,servicee,1763464151071,1763464151126,55,
5,10,20,60,55,27,servicea,serviceb,servicec,serviced,servicee,1763464151126,1763464151182,56,
5,10,20,60,55,27,servicea,serviceb,servicec,serviced,servicee,1763464151182,1763464151236,54,
5,10,20,60,55,27,servicea,serviceb,servicec,serviced,servicee,1763464151236,1763464151292,56,
5,10,20,60,55,27,servicea,serviceb,servicec,serviced,servicee,1763464151292,1763464151347,55,
5,10,20,60,55,27,servicea,serviceb,servicec,serviced,servicee,1763464151347,1763464151408,61,
5,10,20,60,55,27,servicea,serviceb,servicec,serviced,servicee,1763464151408,1763464151464,56,
5,10,20,60,55,27,servicea,serviceb,servicec,serviced,servicee,1763464151464,1763464151520,56,
5,10,20,60,55,27,servicea,serviceb,servicec,serviced,servicee,1763464151520,1763464151575,55,
5,10,20,60,55,27,servicea,serviceb,servicec,serviced,servicee,1763464151575,1763464151630,55,
5,10,20,60,55,27,servicea,serviceb,servicec,serviced,servicee,1763464151630,1763464151687,57,
5,10,20,60,55,27,servicea,serviceb,servicec,serviced,servicee,1763464151687,1763464151742,55,
5,10,20,60,55,27,servicea,serviceb,servicec,serviced,servicee,1763464151742,1763464151798,56,
5,10,20,60,55,27,servicea,serviceb,servicec,serviced,servicee,1763464151798,1763464151853,55,
5,10,20,60,55,27,servicea,serviceb,servicec,serviced,servicee,1763464151853,1763464151908,55,
5,10,20,60,55,27,servicea,serviceb,servicec,serviced,servicee,1763464151908,1763464151964,56,
5,10,20,60,55,27,servicea,serviceb,servicec,serviced,servicee,1763464151964,1763464152020,56,
5,10,20,60,55,27,servicea,serviceb,servicec,serviced,servicee,1763464152020,1763464152075,55,
5,10,20,60,55,27,servicea,serviceb,servicec,serviced,servicee,1763464152075,1763464152131,56,
5,10,20,60,55,27,servicea,serviceb,servicec,serviced,servicee,1763464152131,1763464152186,55,
5,10,20,60,55,27,servicea,serviceb,servicec,serviced,servicee,1763464152186,1763464152241,55,
5,10,20,60,55,27,servicea,serviceb,servicec,serviced,servicee,1763464150217,1763464150624,407,
5,10,20,60,55,27,servicea,serviceb,servicec,serviced,servicee,1763464150624,1763464150686,62,
5,10,20,60,55,27,servicea,serviceb,servicec,serviced,servicee,1763464150686,1763464150743,57,
5,10,20,60,55,27,servicea,serviceb,servicec,serviced,servicee,1763464150743,1763464150799,56,
5,10,20,60,55,27,servicea,serviceb,servicec,serviced,servicee,1763464150799,1763464150855,56,
5,10,20,60,55,27,servicea,serviceb,servicec,serviced,servicee,1763464150855,1763464150911,56,
5,10,20,60,55,27,servicea,serviceb,servicec,serviced,servicee,1763464150911,1763464150967,56,
5,10,20,60,55,27,servicea,serviceb,servicec,serviced,servicee,1763464150967,1763464151023,56,
5,10,20,60,55,27,servicea,serviceb,servicec,serviced,servicee,1763464151023,1763464151079,56,
5,10,20,60,55,27,servicea,serviceb,servicec,serviced,servicee,1763464151079,1763464151134,55,
5,10,20,60,55,27,servicea,serviceb,servicec,serviced,servicee,1763464151134,1763464151190,56,
5,10,20,60,55,27,servicea,serviceb,servicec,serviced,servicee,1763464151191,1763464151246,55,
5,10,20,60,55,27,servicea,serviceb,servicec,serviced,servicee,1763464151246,1763464151303,57,
5,10,20,60,55,27,servicea,serviceb,servicec,serviced,servicee,1763464151303,1763464151358,55,
5,10,20,60,55,27,servicea,serviceb,servicec,serviced,servicee,1763464151358,1763464151421,63,
5,10,20,60,55,27,servicea,serviceb,servicec,serviced,servicee,1763464151421,1763464151476,55,
5,10,20,60,55,27,servicea,serviceb,servicec,serviced,servicee,1763464151476,1763464151531,55,
5,10,20,60,55,27,servicea,serviceb,servicec,serviced,servicee,1763464151531,1763464151586,55,
5,10,20,60,55,27,servicea,serviceb,servicec,serviced,servicee,1763464151586,1763464151642,56,
5,10,20,60,55,27,servicea,serviceb,servicec,serviced,servicee,1763464151642,1763464151698,56,
5,10,20,60,55,27,servicea,serviceb,servicec,serviced,servicee,1763464151698,1763464151754,56,
5,10,20,60,55,27,servicea,serviceb,servicec,serviced,servicee,1763464151754,1763464151811,57,
5,10,20,60,55,27,servicea,serviceb,servicec,serviced,servicee,1763464151811,1763464151865,54,
5,10,20,60,55,27,servicea,serviceb,servicec,serviced,servicee,1763464151865,1763464151920,55,
5,10,20,60,55,27,servicea,serviceb,servicec,serviced,servicee,1763464151920,1763464151976,56,
5,10,20,60,55,27,servicea,serviceb,servicec,serviced,servicee,1763464151976,1763464152033,57,
5,10,20,60,55,27,servicea,serviceb,servicec,serviced,servicee,1763464152033,1763464152087,54,
5,10,20,60,55,27,servicea,serviceb,servicec,serviced,servicee,1763464152087,1763464152142,55,
5,10,20,60,55,27,servicea,serviceb,servicec,serviced,servicee,1763464152142,1763464152197,55,
5,10,20,60,55,27,servicea,serviceb,servicec,serviced,servicee,1763464152197,1763464152254,57,
5,10,20,60,55,27,servicea,serviceb,servicec,serviced,servicee,1763464150217,1763464150629,412,
5,10,20,60,55,27,servicea,serviceb,servicec,serviced,servicee,1763464150629,1763464150691,62,
5,10,20,60,55,27,servicea,serviceb,servicec,serviced,servicee,1763464150691,1763464150748,57,
5,10,20,60,55,27,servicea,serviceb,servicec,serviced,servicee,1763464150748,1763464150804,56,
5,10,20,60,55,27,servicea,serviceb,servicec,serviced,servicee,1763464150804,1763464150860,56,
5,10,20,60,55,27,servicea,serviceb,servicec,serviced,servicee,1763464150860,1763464150916,56,
5,10,20,60,55,27,servicea,serviceb,servicec,serviced,servicee,1763464150916,1763464150971,55,
5,10,20,60,55,27,servicea,serviceb,servicec,serviced,servicee,1763464150971,1763464151027,56,
5,10,20,60,55,27,servicea,serviceb,servicec,serviced,servicee,1763464151027,1763464151082,55,
5,10,20,60,55,27,servicea,serviceb,servicec,serviced,servicee,1763464151082,1763464151138,56,
5,10,20,60,55,27,servicea,serviceb,servicec,serviced,servicee,1763464151138,1763464151193,55,
5,10,20,60,55,27,servicea,serviceb,servicec,serviced,servicee,1763464151193,1763464151248,55,
5,10,20,60,55,27,servicea,serviceb,servicec,serviced,servicee,1763464151248,1763464151304,56,
5,10,20,60,55,27,servicea,serviceb,servicec,serviced,servicee,1763464151304,1763464151358,54,
5,10,20,60,55,27,servicea,serviceb,servicec,serviced,servicee,1763464151358,1763464151420,62,
5,10,20,60,55,27,servicea,serviceb,servicec,serviced,servicee,1763464151420,1763464151476,56,
5,10,20,60,55,27,servicea,serviceb,servicec,serviced,servicee,1763464151476,1763464151531,55,
5,10,20,60,55,27,servicea,serviceb,servicec,serviced,servicee,1763464151531,1763464151586,55,
5,10,20,60,55,27,servicea,serviceb,servicec,serviced,servicee,1763464151586,1763464151643,57,
5,10,20,60,55,27,servicea,serviceb,servicec,serviced,servicee,1763464151643,1763464151698,55,
5,10,20,60,55,27,servicea,serviceb,servicec,serviced,servicee,1763464151698,1763464151754,56,
5,10,20,60,55,27,servicea,serviceb,servicec,serviced,servicee,1763464151754,1763464151809,55,
5,10,20,60,55,27,servicea,serviceb,servicec,serviced,servicee,1763464151809,1763464151865,56,
5,10,20,60,55,27,servicea,serviceb,servicec,serviced,servicee,1763464151865,1763464151921,56,
5,10,20,60,55,27,servicea,serviceb,servicec,serviced,servicee,1763464151921,1763464151976,55,
5,10,20,60,55,27,servicea,serviceb,servicec,serviced,servicee,1763464151976,1763464152032,56,
5,10,20,60,55,27,servicea,serviceb,servicec,serviced,servicee,1763464152032,1763464152087,55,
5,10,20,60,55,27,servicea,serviceb,servicec,serviced,servicee,1763464152087,1763464152143,56,
5,10,20,60,55,27,servicea,serviceb,servicec,serviced,servicee,1763464152143,1763464152197,54,
5,10,20,60,55,27,servicea,serviceb,servicec,serviced,servicee,1763464152197,1763464152254,57,
5,10,20,60,55,27,servicea,serviceb,servicec,serviced,servicee,1763464150216,1763464150630,414,
5,10,20,60,55,27,servicea,serviceb,servicec,serviced,servicee,1763464150630,1763464150691,61,
5,10,20,60,55,27,servicea,serviceb,servicec,serviced,servicee,1763464150691,1763464150747,56,
5,10,20,60,55,27,servicea,serviceb,servicec,serviced,servicee,1763464150747,1763464150804,57,
5,10,20,60,55,27,servicea,serviceb,servicec,serviced,servicee,1763464150804,1763464150860,56,
5,10,20,60,55,27,servicea,serviceb,servicec,serviced,servicee,1763464150860,1763464150916,56,
5,10,20,60,55,27,servicea,serviceb,servicec,serviced,servicee,1763464150916,1763464150971,55,
5,10,20,60,55,27,servicea,serviceb,servicec,serviced,servicee,1763464150971,1763464151027,56,
5,10,20,60,55,27,servicea,serviceb,servicec,serviced,servicee,1763464151027,1763464151082,55,
5,10,20,60,55,27,servicea,serviceb,servicec,serviced,servicee,1763464151082,1763464151137,55,
5,10,20,60,55,27,servicea,serviceb,servicec,serviced,servicee,1763464151137,1763464151193,56,
5,10,20,60,55,27,servicea,serviceb,servicec,serviced,servicee,1763464151193,1763464151249,56,
5,10,20,60,55,27,servicea,serviceb,servicec,serviced,servicee,1763464151249,1763464151305,56,
5,10,20,60,55,27,servicea,serviceb,servicec,serviced,servicee,1763464151305,1763464151365,60,
5,10,20,60,55,27,servicea,serviceb,servicec,serviced,servicee,1763464151365,1763464151420,55,
5,10,20,60,55,27,servicea,serviceb,servicec,serviced,servicee,1763464151420,1763464151476,56,
5,10,20,60,55,27,servicea,serviceb,servicec,serviced,servicee,1763464151476,1763464151531,55,
5,10,20,60,55,27,servicea,serviceb,servicec,serviced,servicee,1763464151531,1763464151587,56,
5,10,20,60,55,27,servicea,serviceb,servicec,serviced,servicee,1763464151587,1763464151642,55,
5,10,20,60,55,27,servicea,serviceb,servicec,serviced,servicee,1763464151642,1763464151698,56,
5,10,20,60,55,27,servicea,serviceb,servicec,serviced,servicee,1763464151698,1763464151755,57,
5,10,20,60,55,27,servicea,serviceb,servicec,serviced,servicee,1763464151755,1763464151809,54,
5,10,20,60,55,27,servicea,serviceb,servicec,serviced,servicee,1763464151809,1763464151865,56,
5,10,20,60,55,27,servicea,serviceb,servicec,serviced,servicee,1763464151865,1763464151921,56,
5,10,20,60,55,27,servicea,serviceb,servicec,serviced,servicee,1763464151921,1763464151978,57,
5,10,20,60,55,27,servicea,serviceb,servicec,serviced,servicee,1763464151978,1763464152035,57,
5,10,20,60,55,27,servicea,serviceb,servicec,serviced,servicee,1763464152035,1763464152089,54,
5,10,20,60,55,27,servicea,serviceb,servicec,serviced,servicee,1763464152089,1763464152143,54,
5,10,20,60,55,27,servicea,serviceb,servicec,serviced,servicee,1763464152143,1763464152198,55,
5,10,20,60,55,27,servicea,serviceb,servicec,serviced,servicee,1763464152198,1763464152254,56,
5,10,20,60,55,27,servicea,serviceb,servicec,serviced,servicee,1763464150216,1763464150629,413,
5,10,20,60,55,27,servicea,serviceb,servicec,serviced,servicee,1763464150629,1763464150691,62,
5,10,20,60,55,27,servicea,serviceb,servicec,serviced,servicee,1763464150691,1763464150748,57,
5,10,20,60,55,27,servicea,serviceb,servicec,serviced,servicee,1763464150748,1763464150804,56,
5,10,20,60,55,27,servicea,serviceb,servicec,serviced,servicee,1763464150804,1763464150860,56,
5,10,20,60,55,27,servicea,serviceb,servicec,serviced,servicee,1763464150860,1763464150916,56,
5,10,20,60,55,27,servicea,serviceb,servicec,serviced,servicee,1763464150916,1763464150972,56,
5,10,20,60,55,27,servicea,serviceb,servicec,serviced,servicee,1763464150972,1763464151027,55,
5,10,20,60,55,27,servicea,serviceb,servicec,serviced,servicee,1763464151027,1763464151082,55,
5,10,20,60,55,27,servicea,serviceb,servicec,serviced,servicee,1763464151082,1763464151137,55,
5,10,20,60,55,27,servicea,serviceb,servicec,serviced,servicee,1763464151137,1763464151192,55,
5,10,20,60,55,27,servicea,serviceb,servicec,serviced,servicee,1763464151192,1763464151247,55,
5,10,20,60,55,27,servicea,serviceb,servicec,serviced,servicee,1763464151247,1763464151304,57,
5,10,20,60,55,27,servicea,serviceb,servicec,serviced,servicee,1763464151304,1763464151358,54,
5,10,20,60,55,27,servicea,serviceb,servicec,serviced,servicee,1763464151358,1763464151420,62,
5,10,20,60,55,27,servicea,serviceb,servicec,serviced,servicee,1763464151420,1763464151476,56,
5,10,20,60,55,27,servicea,serviceb,servicec,serviced,servicee,1763464151476,1763464151532,56,
5,10,20,60,55,27,servicea,serviceb,servicec,serviced,servicee,1763464151532,1763464151586,54,
5,10,20,60,55,27,servicea,serviceb,servicec,serviced,servicee,1763464151586,1763464151642,56,
5,10,20,60,55,27,servicea,serviceb,servicec,serviced,servicee,1763464151642,1763464151698,56,
5,10,20,60,55,27,servicea,serviceb,servicec,serviced,servicee,1763464151698,1763464151754,56,
5,10,20,60,55,27,servicea,serviceb,servicec,serviced,servicee,1763464151754,1763464151810,56,
5,10,20,60,55,27,servicea,serviceb,servicec,serviced,servicee,1763464151810,1763464151866,56,
5,10,20,60,55,27,servicea,serviceb,servicec,serviced,servicee,1763464151866,1763464151920,54,
5,10,20,60,55,27,servicea,serviceb,servicec,serviced,servicee,1763464151920,1763464151976,56,
5,10,20,60,55,27,servicea,serviceb,servicec,serviced,servicee,1763464151976,1763464152033,57,
5,10,20,60,55,27,servicea,serviceb,servicec,serviced,servicee,1763464152033,1763464152088,55,
5,10,20,60,55,27,servicea,serviceb,servicec,serviced,servicee,1763464152088,1763464152143,55,
5,10,20,60,55,27,servicea,serviceb,servicec,serviced,servicee,1763464152143,1763464152197,54,
5,10,20,60,55,27,servicea,serviceb,servicec,serviced,servicee,1763464152197,1763464152253,56,
5,10,20,60,55,27,servicea,serviceb,servicec,serviced,servicee,1763464150216,1763464150628,412,
5,10,20,60,55,27,servicea,serviceb,servicec,serviced,servicee,1763464150628,1763464150691,63,
5,10,20,60,55,27,servicea,serviceb,servicec,serviced,servicee,1763464150691,1763464150748,57,
5,10,20,60,55,27,servicea,serviceb,servicec,serviced,servicee,1763464150748,1763464150804,56,
5,10,20,60,55,27,servicea,serviceb,servicec,serviced,servicee,1763464150804,1763464150860,56,
5,10,20,60,55,27,servicea,serviceb,servicec,serviced,servicee,1763464150860,1763464150916,56,
5,10,20,60,55,27,servicea,serviceb,servicec,serviced,servicee,1763464150916,1763464150973,57,
5,10,20,60,55,27,servicea,serviceb,servicec,serviced,servicee,1763464150973,1763464151028,55,
5,10,20,60,55,27,servicea,serviceb,servicec,serviced,servicee,1763464151028,1763464151083,55,
5,10,20,60,55,27,servicea,serviceb,servicec,serviced,servicee,1763464151083,1763464151138,55,
5,10,20,60,55,27,servicea,serviceb,servicec,serviced,servicee,1763464151138,1763464151193,55,
5,10,20,60,55,27,servicea,serviceb,servicec,serviced,servicee,1763464151193,1763464151249,56,
5,10,20,60,55,27,servicea,serviceb,servicec,serviced,servicee,1763464151249,1763464151304,55,
5,10,20,60,55,27,servicea,serviceb,servicec,serviced,servicee,1763464151304,1763464151358,54,
5,10,20,60,55,27,servicea,serviceb,servicec,serviced,servicee,1763464151358,1763464151420,62,
5,10,20,60,55,27,servicea,serviceb,servicec,serviced,servicee,1763464151420,1763464151476,56,
5,10,20,60,55,27,servicea,serviceb,servicec,serviced,servicee,1763464151476,1763464151531,55,
5,10,20,60,55,27,servicea,serviceb,servicec,serviced,servicee,1763464151531,1763464151586,55,
5,10,20,60,55,27,servicea,serviceb,servicec,serviced,servicee,1763464151586,1763464151642,56,
5,10,20,60,55,27,servicea,serviceb,servicec,serviced,servicee,1763464151642,1763464151698,56,
5,10,20,60,55,27,servicea,serviceb,servicec,serviced,servicee,1763464151698,1763464151754,56,
5,10,20,60,55,27,servicea,serviceb,servicec,serviced,servicee,1763464151754,1763464151810,56,
5,10,20,60,55,27,servicea,serviceb,servicec,serviced,servicee,1763464151810,1763464151865,55,
5,10,20,60,55,27,servicea,serviceb,servicec,serviced,servicee,1763464151865,1763464151920,55,
5,10,20,60,55,27,servicea,serviceb,servicec,serviced,servicee,1763464151920,1763464151976,56,
5,10,20,60,55,27,servicea,serviceb,servicec,serviced,servicee,1763464151976,1763464152032,56,
5,10,20,60,55,27,servicea,serviceb,servicec,serviced,servicee,1763464152032,1763464152087,55,
5,10,20,60,55,27,servicea,serviceb,servicec,serviced,servicee,1763464152087,1763464152145,58,
5,10,20,60,55,27,servicea,serviceb,servicec,serviced,servicee,1763464152145,1763464152198,53,
5,10,20,60,55,27,servicea,serviceb,servicec,serviced,servicee,1763464152198,1763464152253,55,
